-- phpMyAdmin SQL Dump
-- version 4.4.12
-- http://www.phpmyadmin.net
--
-- Host: 127.0.0.1
-- Generation Time: Jun 01, 2017 at 10:06 AM
-- Server version: 5.6.25
-- PHP Version: 5.6.11

SET SQL_MODE = "NO_AUTO_VALUE_ON_ZERO";
SET time_zone = "+00:00";


/*!40101 SET @OLD_CHARACTER_SET_CLIENT=@@CHARACTER_SET_CLIENT */;
/*!40101 SET @OLD_CHARACTER_SET_RESULTS=@@CHARACTER_SET_RESULTS */;
/*!40101 SET @OLD_COLLATION_CONNECTION=@@COLLATION_CONNECTION */;
/*!40101 SET NAMES utf8mb4 */;

--
-- Database: `db_proposal`
--

-- --------------------------------------------------------

--
-- Table structure for table `app_users`
--

CREATE TABLE IF NOT EXISTS `app_users` (
  `id_users` int(11) NOT NULL,
  `username` varchar(20) NOT NULL,
  `nama` varchar(100) NOT NULL,
  `password` varchar(32) NOT NULL,
  `level` enum('admin','dosen','mahasiswa') NOT NULL,
  `Periode` varchar(5) NOT NULL,
  `last_login` timestamp NOT NULL DEFAULT CURRENT_TIMESTAMP ON UPDATE CURRENT_TIMESTAMP
) ENGINE=InnoDB AUTO_INCREMENT=22 DEFAULT CHARSET=latin1;

--
-- Dumping data for table `app_users`
--

INSERT INTO `app_users` (`id_users`, `username`, `nama`, `password`, `level`, `Periode`, `last_login`) VALUES
(1, 'admin', 'ProdiTI', '0ddc3cefb0884d9406e4db9d6ef70701', 'admin', '', '2017-05-11 14:21:55'),
(2, 'admin', 'Teknik Informatika', 'e00cf25ad42683b3df678c61f42c6bda', 'admin', '', '2017-05-19 11:16:50'),
(3, '0703018704', 'AHMAD BAGUS SETIAWAN, S.KOM., M.KOM., M.M', '55f8b2cd6bffc1928a5a861d9200c368', 'dosen', '', '2017-05-22 08:59:20'),
(4, '0706118101', 'ARDI SANJAYA, M.KOM.', '0264391c340e4d3cbba430cee7836eaf', 'dosen', '', '2017-05-20 08:26:11'),
(5, '0720117501', 'DANANG WAHYU WIDODO, M.KOM', '6a17faad3b1275fd2558d5435c58440e', 'dosen', '', '2017-05-20 08:27:04'),
(6, '0708028704', 'DANAR PUTRA PAMUNGKAS,M.KOM', 'd5c4496f47e8f9714df12af4367019ac', 'dosen', '', '2017-05-20 08:27:44'),
(7, '0723098303', 'DANIEL SWANJAYA, M.KOM', 'aa47f8215c6f30a0dcdb2a36a9f4168e', 'dosen', '', '2017-05-20 08:29:12'),
(8, '0715058902', 'FAJAR ROHMAN HARIRI, M.KOM.', '24bc50d85ad8fa9cda686145cf1f8aca', 'dosen', '', '2017-05-20 08:29:51'),
(9, '0704108701', 'INTAN NUR FARIDA, M.KOM.', 'b1098cab9c2db3eb9f576eb66c33449c', 'dosen', '', '2017-05-20 08:31:31'),
(10, '0729108102', 'MOCHAMAD BILAL, S.KOM., M.CS', '5ae1c881ad1d8d750f15c232a3232379', 'dosen', '', '2017-05-20 08:32:53'),
(11, '0701107802', 'PATMI KASIH, M.KOM.', '02700577dfd954588a03a3ba96ab5dc1', 'dosen', '', '2017-05-20 08:33:30'),
(12, '0710018501', 'RATIH KUMALASARI N, S.ST., M.KOM.', 'a5bd72a3d2c4d1686415f93a46fc7a0a', 'dosen', '', '2017-05-20 08:35:03'),
(13, '0719068702', 'RESTY WULANNINGRUM, M.KOM.', '892d2419d28f99cb74cc020f8c0419b2', 'dosen', '', '2017-05-20 08:35:35'),
(14, '0708049001', 'RISKY ASWI RAMADHANI, M. KOM.', 'db5ee8e280c13e08523b28ca17db5ffb', 'dosen', '', '2017-05-20 08:36:27'),
(15, '0707079001', 'JULIAN SAHERTIAN, S.PD., M.T', '338c23e8eafc19ec9236404deac0bef4', 'dosen', '', '2017-05-20 08:43:52'),
(16, '0721058902', 'RISA HALILINTAR, M.KOM', '735c9c3675eaba16bfbec5913174067e', 'dosen', '', '2017-05-20 08:44:24'),
(19, '13.1.03.02.0397', 'RIZAL DARMAWAN NUGROHO', '0a816e879e0705804867353d37a8ef73', 'mahasiswa', '20171', '2017-05-30 07:47:07'),
(20, '14.1.03.02.0323', 'M. BAHRUL SUBKHI', 'dec349aae93850a49111f288634f9331', 'mahasiswa', '20171', '2017-05-30 07:49:21'),
(21, '13.1.03.02.0035', 'ENGGAL SUCI FEBRIANI', 'ad4f6be172342a5044e5d186e3755a58', 'mahasiswa', '20171', '2017-06-01 07:21:48');

-- --------------------------------------------------------

--
-- Table structure for table `biodata_dosen`
--

CREATE TABLE IF NOT EXISTS `biodata_dosen` (
  `Id_Dosen` varchar(20) NOT NULL,
  `Nama_Dosen` text NOT NULL,
  `Notlp_Dosen` varchar(12) NOT NULL,
  `Alamat_Dosen` text NOT NULL,
  `Email_Dosen` text NOT NULL
) ENGINE=InnoDB DEFAULT CHARSET=latin1;

--
-- Dumping data for table `biodata_dosen`
--

INSERT INTO `biodata_dosen` (`Id_Dosen`, `Nama_Dosen`, `Notlp_Dosen`, `Alamat_Dosen`, `Email_Dosen`) VALUES
('0703018704', 'AHMAD BAGUS SETIAWAN,S.KOM., M.KOM., MM', '085XXXX', 'KEDIRI', 'SUGABESTE@GMAIL.COM');

-- --------------------------------------------------------

--
-- Table structure for table `kriteria1`
--

CREATE TABLE IF NOT EXISTS `kriteria1` (
  `nama_kriteria` text NOT NULL
) ENGINE=InnoDB DEFAULT CHARSET=latin1;

--
-- Dumping data for table `kriteria1`
--

INSERT INTO `kriteria1` (`nama_kriteria`) VALUES
('PENGOLAHAN CITRA'),
('SISTEM PENDUKUNG PENGAMBILAN KEPUTUSAN'),
('SISTEM PAKAR'),
('DATA MINING'),
('MULTIMEDIA'),
('REKAYASA PERANGKAT LUNAK'),
('ELEKTRONIK'),
('NETWORKING & SECURITY');

-- --------------------------------------------------------

--
-- Table structure for table `kriteria2`
--

CREATE TABLE IF NOT EXISTS `kriteria2` (
  `nama_kriteria` text NOT NULL
) ENGINE=InnoDB DEFAULT CHARSET=latin1;

--
-- Dumping data for table `kriteria2`
--

INSERT INTO `kriteria2` (`nama_kriteria`) VALUES
('OTHER'),
('WEB PROGRAMING'),
('MOBILE PROGRAMING'),
('DESKTOP PROGRAMING');

-- --------------------------------------------------------

--
-- Table structure for table `kriteria3`
--

CREATE TABLE IF NOT EXISTS `kriteria3` (
  `nama_kriteria` text NOT NULL
) ENGINE=InnoDB DEFAULT CHARSET=latin1;

--
-- Dumping data for table `kriteria3`
--

INSERT INTO `kriteria3` (`nama_kriteria`) VALUES
('ACO'),
('ALGORITMA TF-IDF'),
('ANALYTIC HIERARCHY PROCESS'),
('API MAPS'),
('APRIORI'),
('ARDUINO'),
('AUGMENTED REALITY'),
('BACKGROUND SUBSTRACTION'),
('BACKWARD CHAINING'),
('BEST FIRST SEARCH'),
('C4.5'),
('CANNY DETECTION'),
('CERTAINTY FACTOR'),
('CONTRAST STRECHING'),
('COSINE SIMILARITY'),
('CPI'),
('DECISION TREE'),
('DESKRIPSI'),
('DOUBLE EXPONENTIAL SMOOTING'),
('DOUBLE MOVING AVERAGE'),
('DSA'),
('EDGE'),
('EIGENFACE'),
('EIGENFACE PCA'),
('ELECTREE'),
('EOC'),
('EUCLIDEAN DISTANCE'),
('FIRST IN FIRST OUT'),
('FORWARD CHAINING'),
('FUZZY'),
('FUZZY MAMDANI'),
('FUZZY TAHANI'),
('GAME'),
('GIS'),
('GLOBAL TRESHOLDING'),
('HISTOGRAM'),
('IMAGE PROCESSING'),
('INVENTORI'),
('JARINGAN'),
('JARO WINKLER DISTANCE'),
('K-MEANS'),
('K-NEAREST NEIGBORN'),
('LATENT SEMANTIC ANALYSIS'),
('LEAST SQUARE'),
('LVQ'),
('MANHATTAN'),
('MINKOWSKI DISTANCE'),
('MOVING AVARAGE'),
('NAIVE BAYES'),
('NORMALISASI'),
('OSPF'),
('PCA'),
('PRISM'),
('PROFILE MATCHING'),
('RABIN-KARP'),
('REGRESI LINIER'),
('ROUTING'),
('SELF ORGANIZING MAP'),
('SIMPLE ADDDITIVE WEIGHTING'),
('SMART'),
('SOBEL'),
('STEGANOGRAFI'),
('SUGENO'),
('TEMPLATE MATCHING'),
('TES MBTI (MYER BRIGGS TYPE INDICATOR )'),
('TIME SERIES FORECASTING'),
('TOPSIS'),
('TREND MOMENT'),
('TRESHOLDING'),
('TRIGONOMETRY'),
('TSUKAMOTO'),
('WATERFALL'),
('WEB BASED LEARNING'),
('WEIGHT PRODUCT'),
('WINDEAR MASJARWE');

-- --------------------------------------------------------

--
-- Table structure for table `kriteria4`
--

CREATE TABLE IF NOT EXISTS `kriteria4` (
  `nama_kriteria` text NOT NULL
) ENGINE=InnoDB DEFAULT CHARSET=latin1;

--
-- Dumping data for table `kriteria4`
--

INSERT INTO `kriteria4` (`nama_kriteria`) VALUES
('Lama'),
('Baru');

-- --------------------------------------------------------

--
-- Table structure for table `level_users`
--

CREATE TABLE IF NOT EXISTS `level_users` (
  `level` text NOT NULL
) ENGINE=InnoDB DEFAULT CHARSET=latin1;

--
-- Dumping data for table `level_users`
--

INSERT INTO `level_users` (`level`) VALUES
('admin'),
('mahasiswa'),
('dosen');

-- --------------------------------------------------------

--
-- Table structure for table `pendaftaran`
--

CREATE TABLE IF NOT EXISTS `pendaftaran` (
  `id_user` int(11) NOT NULL,
  `npm` varchar(25) NOT NULL,
  `nama` text NOT NULL,
  `kelas` varchar(3) NOT NULL,
  `email` text NOT NULL,
  `no_hp` varchar(12) NOT NULL,
  `k_judul` varchar(100) NOT NULL,
  `k_program` varchar(100) NOT NULL,
  `metode` varchar(100) NOT NULL,
  `pendaftar` enum('Lama','Baru') NOT NULL,
  `judul` text NOT NULL,
  `periode` varchar(5) NOT NULL,
  `nama_dosen` int(11) NOT NULL,
  `status` enum('Y','N') NOT NULL
) ENGINE=InnoDB DEFAULT CHARSET=latin1;

--
-- Dumping data for table `pendaftaran`
--

INSERT INTO `pendaftaran` (`id_user`, `npm`, `nama`, `kelas`, `email`, `no_hp`, `k_judul`, `k_program`, `metode`, `pendaftar`, `judul`, `periode`, `nama_dosen`, `status`) VALUES
(21, '13.1.03.02.0035', 'ENGGAL SUCI FEBRIANI', '4A', 'enggalsuci@gmail.com', '085645351144', 'DATA MINING', 'WEB PROGRAMING', 'NAIVE BAYES', 'Baru', 'klasifikasi konten berita surat kabar berdasarkan judul dengan text mining menggunakan metode naive bayes', '20171', 11, 'N'),
(19, '13.1.03.02.0397', 'RIZAL DARMAWAN NUGROHO', '4A', 'rizaldarmawan727@gmail.com', '085736732018', 'SISTEM PENDUKUNG PENGAMBILAN KEPUTUSAN', 'WEB PROGRAMING', 'NAIVE BAYES', 'Baru', 'xxxxx', '20171', 3, 'N'),
(20, '14.1.03.02.0323', 'M. BAHRUL SUBKHI', '4E', 'bahrul785@gmail.com', '08723xxxx', 'PENGOLAHAN CITRA', 'DESKTOP PROGRAMING', 'EIGENFACE PCA', 'Baru', 'cvcv', '20171', 13, 'N');

-- --------------------------------------------------------

--
-- Table structure for table `periode_daftar`
--

CREATE TABLE IF NOT EXISTS `periode_daftar` (
  `Tahun_Periode` varchar(5) NOT NULL
) ENGINE=InnoDB DEFAULT CHARSET=latin1;

--
-- Dumping data for table `periode_daftar`
--

INSERT INTO `periode_daftar` (`Tahun_Periode`) VALUES
('ALL'),
('20171');

-- --------------------------------------------------------

--
-- Table structure for table `tb_dataset`
--

CREATE TABLE IF NOT EXISTS `tb_dataset` (
  `ID_data` int(11) NOT NULL,
  `k_judul` varchar(100) NOT NULL,
  `k_program` varchar(100) NOT NULL,
  `metode` varchar(100) NOT NULL,
  `pendaftar` enum('Lama','Baru') NOT NULL,
  `dosen` varchar(50) NOT NULL
) ENGINE=InnoDB DEFAULT CHARSET=latin1;

--
-- Dumping data for table `tb_dataset`
--

INSERT INTO `tb_dataset` (`ID_data`, `k_judul`, `k_program`, `metode`, `pendaftar`, `dosen`) VALUES
(1, 'DATA MINING', 'DESKTOP PROGRAMING', 'K-MEANS', 'Baru', '3'),
(2, 'PENGOLAHAN CITRA', 'MOBILE PROGRAMING', 'ANALYTIC HIERARCHY PROCESS', 'Baru', '3'),
(3, 'PENGOLAHAN CITRA', 'DESKTOP PROGRAMING', 'FORWARD CHAINING', 'Baru', '3'),
(4, 'PENGOLAHAN CITRA', 'DESKTOP PROGRAMING', 'K-MEANS', 'Baru', '3'),
(5, 'PENGOLAHAN CITRA', 'MOBILE PROGRAMING', 'LEAST SQUARE', 'Baru', '3'),
(6, 'PENGOLAHAN CITRA', 'MOBILE PROGRAMING', 'NAIVE BAYES', 'Lama', '3'),
(7, 'PENGOLAHAN CITRA', 'MOBILE PROGRAMING', 'TEMPLATE MATCHING', 'Lama', '3'),
(8, 'PENGOLAHAN CITRA', 'MOBILE PROGRAMING', 'TSUKAMOTO', 'Baru', '3'),
(9, 'SISTEM PAKAR', 'WEB PROGRAMING', 'MOVING AVARAGE', 'Baru', '3'),
(10, 'SISTEM PENDUKUNG PENGAMBILAN KEPUTUSAN', 'WEB PROGRAMING', 'FORWARD CHAINING', 'Baru', '3'),
(11, 'SISTEM PENDUKUNG PENGAMBILAN KEPUTUSAN', 'WEB PROGRAMING', 'FUZZY', 'Baru', '3'),
(12, 'SISTEM PENDUKUNG PENGAMBILAN KEPUTUSAN', 'OTHERS', 'K-NEAREST NEIGBORN', 'Baru', '3'),
(13, 'SISTEM PENDUKUNG PENGAMBILAN KEPUTUSAN', 'OTHERS', 'NAIVE BAYES', 'Lama', '3'),
(14, 'SISTEM PENDUKUNG PENGAMBILAN KEPUTUSAN', 'OTHERS', 'NAIVE BAYES', 'Baru', '3'),
(15, 'SISTEM PENDUKUNG PENGAMBILAN KEPUTUSAN', 'WEB PROGRAMING', 'NAIVE BAYES', 'Lama', '3'),
(16, 'SISTEM PENDUKUNG PENGAMBILAN KEPUTUSAN', 'DESKTOP PROGRAMING', 'SIMPLE ADDITIVE WEIGHTING', 'Baru', '3'),
(17, 'SISTEM PENDUKUNG PENGAMBILAN KEPUTUSAN', 'WEB PROGRAMING', 'TOPSIS', 'Lama', '3'),
(18, 'SISTEM PENDUKUNG PENGAMBILAN KEPUTUSAN', 'WEB PROGRAMING', 'TSUKAMOTO', 'Baru', '3'),
(19, 'SISTEM PENDUKUNG PENGAMBILAN KEPUTUSAN', 'WEB PROGRAMING', '', 'Baru', '3'),
(20, 'SISTEM PENDUKUNG PENGAMBILAN KEPUTUSAN', 'WEB PROGRAMING', 'TREND MOMENT', 'Baru', '3'),
(21, 'SISTEM PENDUKUNG PENGAMBILAN KEPUTUSAN', 'WEB PROGRAMING', '', 'Baru', '3'),
(22, 'SISTEM PENDUKUNG PENGAMBILAN KEPUTUSAN', 'WEB PROGRAMING', '', 'Baru', '3'),
(23, 'SISTEM PENDUKUNG PENGAMBILAN KEPUTUSAN', 'WEB PROGRAMING', 'NAIVE BAYES', 'Baru', '3'),
(24, 'SISTEM PENDUKUNG PENGAMBILAN KEPUTUSAN', 'WEB PROGRAMING', 'K-MEANS', 'Baru', '3'),
(25, 'SISTEM PENDUKUNG PENGAMBILAN KEPUTUSAN', 'WEB PROGRAMING', '', 'Baru', '3'),
(26, 'SISTEM PENDUKUNG PENGAMBILAN KEPUTUSAN', 'WEB PROGRAMING', 'PROFILE MATCHING', 'Baru', '3'),
(27, 'SISTEM PENDUKUNG PENGAMBILAN KEPUTUSAN', 'WEB PROGRAMING', '', 'Baru', '3'),
(28, 'SISTEM PENDUKUNG PENGAMBILAN KEPUTUSAN', 'WEB PROGRAMING', 'NAIVE BAYES', 'Baru', '3'),
(29, 'SISTEM PENDUKUNG PENGAMBILAN KEPUTUSAN', 'WEB PROGRAMING', '', 'Baru', '3'),
(30, 'SISTEM PENDUKUNG PENGAMBILAN KEPUTUSAN', 'WEB PROGRAMING', 'K-MEANS', 'Baru', '3'),
(31, 'SISTEM PENDUKUNG PENGAMBILAN KEPUTUSAN', 'WEB PROGRAMING', 'BACKWARD CHAINING', 'Baru', '3'),
(32, 'SISTEM PENDUKUNG PENGAMBILAN KEPUTUSAN', 'WEB PROGRAMING', 'NAIVE BAYES', 'Baru', '3'),
(33, 'SISTEM PENDUKUNG PENGAMBILAN KEPUTUSAN', 'WEB PROGRAMING', 'DJIKSTRA', 'Baru', '3'),
(34, 'SISTEM PENDUKUNG PENGAMBILAN KEPUTUSAN', 'WEB PROGRAMING', 'FORWARD CHAINING', 'Baru', '3'),
(35, 'SISTEM PENDUKUNG PENGAMBILAN KEPUTUSAN', 'WEB PROGRAMING', '', 'Baru', '3'),
(36, 'SISTEM PENDUKUNG PENGAMBILAN KEPUTUSAN', 'WEB PROGRAMING', '', 'Baru', '3'),
(37, 'SISTEM PENDUKUNG PENGAMBILAN KEPUTUSAN', 'WEB PROGRAMING', 'K-MEANS', 'Baru', '3'),
(38, 'SISTEM PENDUKUNG PENGAMBILAN KEPUTUSAN', 'WEB PROGRAMING', 'NAIVE BAYES', 'Baru', '3'),
(39, 'SISTEM PENDUKUNG PENGAMBILAN KEPUTUSAN', 'WEB PROGRAMING', 'FUZZY  TAHANI', 'Baru', '3'),
(40, 'SISTEM PENDUKUNG PENGAMBILAN KEPUTUSAN', 'WEB PROGRAMING', 'NAIVE BAYES', 'Baru', '3'),
(41, 'DATA MINING', 'WEB PROGRAMING', 'SIMPLE ADDITIVE WEIGHTING', 'Baru', '4'),
(42, 'ELEKTRONIK', 'DESKTOP PROGRAMING', 'TRIGONOMETRY', 'Baru', '4'),
(43, 'MULTIMEDIA', 'MOBILE PROGRAMING', 'AUGMENTED REALITY', 'Lama', '4'),
(44, 'MULTIMEDIA', 'MOBILE PROGRAMING', 'GAME', 'Baru', '4'),
(45, 'NETWORKING & SECURITY', 'MOBILE PROGRAMING', 'DSA', 'Baru', '4'),
(46, 'PENGOLAHAN CITRA', 'MOBILE PROGRAMING', 'ANALYTIC HIERARCHY PROCESS', 'Baru', '4'),
(47, 'PENGOLAHAN CITRA', 'MOBILE PROGRAMING', 'ANALYTIC HIERARCHY PROCESS', 'Lama', '4'),
(48, 'PENGOLAHAN CITRA', 'MOBILE PROGRAMING', 'ARDUINO', 'Lama', '4'),
(49, 'PENGOLAHAN CITRA', 'DESKTOP PROGRAMING', 'EUCLIDEAN DISTANCE', 'Baru', '4'),
(50, 'PENGOLAHAN CITRA', 'MOBILE PROGRAMING', 'FORWARD CHAINING', 'Lama', '4'),
(51, 'PENGOLAHAN CITRA', 'DESKTOP PROGRAMING', 'GLOBAL TRESHOLDING', 'Baru', '4'),
(52, 'PENGOLAHAN CITRA', 'DESKTOP PROGRAMING', 'LVQ', 'Baru', '4'),
(53, 'PENGOLAHAN CITRA', 'DESKTOP PROGRAMING', 'PCA', 'Lama', '4'),
(54, 'PENGOLAHAN CITRA', 'MOBILE PROGRAMING', '', 'Baru', '4'),
(55, 'REKAYASA PERANGKAT LUNAK', 'WEB PROGRAMING', '', 'Baru', '4'),
(56, 'SISTEM PAKAR', 'WEB PROGRAMING', 'NAIVE BAYES', 'Baru', '4'),
(57, 'SISTEM PENDUKUNG KEPUTUSAN ', 'WEB PROGRAMING', 'K-NEAREST NEIGBORN', 'Baru', '4'),
(58, 'SISTEM PENDUKUNG PENGAMBILAN KEPUTUSAN', 'WEB PROGRAMING', 'FUZZY TAHANI', 'Baru', '4'),
(59, 'ELEKTRONIK', '', '', 'Baru', '4'),
(60, 'PENGOLAHAN CITRA', 'DESKTOP PROGRAMING', '', 'Baru', '4'),
(61, 'PENGOLAHAN CITRA', 'DESKTOP PROGRAMING', '', 'Baru', '4'),
(62, 'PENGOLAHAN CITRA', 'DESKTOP PROGRAMING', '', 'Baru', '4'),
(63, 'PENGOLAHAN CITRA', 'DESKTOP PROGRAMING', 'SELF ORGANIZING MAP', 'Baru', '4'),
(64, 'SISTEM PENDUKUNG PENGAMBILAN KEPUTUSAN', 'WEB PROGRAMING', '', 'Baru', '4'),
(65, 'SISTEM PENDUKUNG PENGAMBILAN KEPUTUSAN', 'WEB PROGRAMING', 'CART', 'Baru', '4'),
(66, 'SISTEM PENDUKUNG PENGAMBILAN KEPUTUSAN', 'WEB PROGRAMING', 'FMADM', 'Baru', '4'),
(67, 'SISTEM PENDUKUNG PENGAMBILAN KEPUTUSAN', 'WEB PROGRAMING', 'SIMPLE ADDITIVE WEIGHT', 'Baru', '4'),
(68, 'SISTEM PENDUKUNG PENGAMBILAN KEPUTUSAN', 'WEB PROGRAMING', 'TOPSIS', 'Baru', '4'),
(69, 'SISTEM PENDUKUNG PENGAMBILAN KEPUTUSAN', 'WEB PROGRAMING', 'NAIVE BAYES', 'Baru', '4'),
(70, 'SISTEM PENDUKUNG PENGAMBILAN KEPUTUSAN', 'WEB PROGRAMING', 'NAIVE BAYES', 'Baru', '4'),
(71, 'SISTEM PENDUKUNG PENGAMBILAN KEPUTUSAN', 'WEB PROGRAMING', 'TREND MOMENT', 'Baru', '4'),
(72, 'SISTEM PENDUKUNG PENGAMBILAN KEPUTUSAN', 'WEB PROGRAMING', 'PROFIL MATCHING', 'Baru', '4'),
(73, 'SISTEM PENDUKUNG PENGAMBILAN KEPUTUSAN', 'WEB PROGRAMING', 'LEAST SQUARE', 'Baru', '4'),
(74, 'SISTEM PENDUKUNG PENGAMBILAN KEPUTUSAN', 'WEB PROGRAMING', 'SIMPLE WEIGHT ADDITIVE', 'Baru', '4'),
(75, 'SISTEM PENDUKUNG PENGAMBILAN KEPUTUSAN', 'WEB PROGRAMING', '', 'Baru', '4'),
(76, 'SISTEM PENDUKUNG PENGAMBILAN KEPUTUSAN', 'WEB PROGRAMING', 'TREND MOMENT', 'Baru', '4'),
(77, 'SISTEM PENDUKUNG PENGAMBILAN KEPUTUSAN', 'WEB PROGRAMING', 'APRIORI', 'Baru', '4'),
(78, 'SISTEM PENDUKUNG PENGAMBILAN KEPUTUSAN', 'WEB PROGRAMING', '', 'Baru', '4'),
(79, 'SISTEM PENDUKUNG PENGAMBILAN KEPUTUSAN', 'WEB PROGRAMING', 'NAIVE BAYES', 'Baru', '4'),
(80, 'SISTEM PENDUKUNG PENGAMBILAN KEPUTUSAN', 'WEB PROGRAMING', 'DJIKSTRA', 'Baru', '4'),
(81, 'DATA MINING', 'WEB PROGRAMING', 'APRIORI', 'Baru', '5'),
(82, 'DATA MINING', 'DESKTOP PROGRAMING', 'C4.5', 'Baru', '5'),
(83, 'DATA MINING', 'OTHERS', 'K-MEANS', 'Baru', '5'),
(84, 'DATA MINING', 'WEB PROGRAMING', 'K-MEANS', 'Baru', '5'),
(85, 'DATA MINING', 'WEB PROGRAMING', 'K-MEANS', 'Baru', '5'),
(86, 'DATA MINING', 'DESKTOP PROGRAMING', 'LEAST SQUARE', 'Baru', '5'),
(87, 'DATA MINING', 'OTHERS', 'NAIVE BAYES', 'Baru', '5'),
(88, 'DATA MINING', 'MOBILE PROGRAMING', 'NAIVE BAYES', 'Baru', '5'),
(89, 'DATA MINING', 'DESKTOP PROGRAMING', 'NAIVE BAYES', 'Baru', '5'),
(90, 'DATA MINING', 'DESKTOP PROGRAMING', 'NAIVE BAYES', 'Baru', '5'),
(91, 'DATA MINING', 'DESKTOP PROGRAMING', 'NORMALISASI', 'Baru', '5'),
(92, 'ELEKTRONIK', 'OTHERS', 'FUZZY', 'Baru', '5'),
(93, 'ELEKTRONIK', 'OTHERS', 'FUZZY', 'Baru', '5'),
(94, 'MULTIMEDIA', 'DESKTOP PROGRAMING', 'LVQ', 'Baru', '5'),
(95, 'PENGOLAHAN CITRA', 'MOBILE PROGRAMING', 'TSUKAMOTO', 'Baru', '5'),
(96, 'REKAYASA PERANGKAT LUNAK', 'DESKTOP PROGRAMING', 'WINDEAR MASJARWE', 'Baru', '5'),
(97, 'SISTEM PENDUKUNG PENGAMBILAN KEPUTUSAN', 'WEB PROGRAMING', 'INVENTORI', 'Lama', '5'),
(98, 'SISTEM PENDUKUNG PENGAMBILAN KEPUTUSAN', 'OTHERS', 'PROFILE MATCHING', 'Baru', '5'),
(99, 'SISTEM PENDUKUNG PENGAMBILAN KEPUTUSAN', 'WEB PROGRAMING', 'APRIORI', 'Baru', '5'),
(100, 'SISTEM PENDUKUNG PENGAMBILAN KEPUTUSAN', 'WEB PROGRAMING', 'TREND MOMENT', 'Baru', '5'),
(101, 'SISTEM PENDUKUNG PENGAMBILAN KEPUTUSAN', 'WEB PROGRAMING', 'SIMPLE ADDITIVE WEIGHTING', 'Baru', '5'),
(102, 'SISTEM PENDUKUNG PENGAMBILAN KEPUTUSAN', 'WEB PROGRAMING', '', 'Baru', '5'),
(103, 'SISTEM PENDUKUNG PENGAMBILAN KEPUTUSAN', 'WEB PROGRAMING', '', 'Baru', '5'),
(104, 'SISTEM PENDUKUNG PENGAMBILAN KEPUTUSAN', 'WEB PROGRAMING', '', 'Baru', '5'),
(105, 'SISTEM PENDUKUNG PENGAMBILAN KEPUTUSAN', 'WEB PROGRAMING', '', 'Baru', '5'),
(106, 'SISTEM PENDUKUNG PENGAMBILAN KEPUTUSAN', 'WEB PROGRAMING', '', 'Baru', '5'),
(107, 'SISTEM PENDUKUNG PENGAMBILAN KEPUTUSAN', 'WEB PROGRAMING', '', 'Baru', '5'),
(108, 'SISTEM PENDUKUNG PENGAMBILAN KEPUTUSAN', 'WEB PROGRAMING', 'CART', 'Baru', '5'),
(109, 'SISTEM PENDUKUNG PENGAMBILAN KEPUTUSAN', 'WEB PROGRAMING', '', 'Baru', '5'),
(110, 'SISTEM PENDUKUNG PENGAMBILAN KEPUTUSAN', 'WEB PROGRAMING', '', 'Baru', '5'),
(111, 'SISTEM PENDUKUNG PENGAMBILAN KEPUTUSAN', 'WEB PROGRAMING', '', 'Baru', '5'),
(112, 'SISTEM PENDUKUNG PENGAMBILAN KEPUTUSAN', 'WEB PROGRAMING', '', 'Baru', '5'),
(113, 'SISTEM PENDUKUNG PENGAMBILAN KEPUTUSAN', 'WEB PROGRAMING', '', 'Baru', '5'),
(114, 'SISTEM PENDUKUNG PENGAMBILAN KEPUTUSAN', 'WEB PROGRAMING', '', 'Baru', '5'),
(115, 'SISTEM PENDUKUNG PENGAMBILAN KEPUTUSAN', 'WEB PROGRAMING', '', 'Baru', '5'),
(116, 'SISTEM PENDUKUNG PENGAMBILAN KEPUTUSAN', 'WEB PROGRAMING', '', 'Baru', '5'),
(117, 'SISTEM PENDUKUNG PENGAMBILAN KEPUTUSAN', 'WEB PROGRAMING', '', 'Baru', '5'),
(118, 'SISTEM PENDUKUNG PENGAMBILAN KEPUTUSAN', 'WEB PROGRAMING', '', 'Baru', '5'),
(119, 'SISTEM PENDUKUNG PENGAMBILAN KEPUTUSAN', 'WEB PROGRAMING', '', 'Baru', '5'),
(120, 'SISTEM PENDUKUNG PENGAMBILAN KEPUTUSAN', 'WEB PROGRAMING', '', 'Baru', '5'),
(121, 'DATA MINING', 'DESKTOP PROGRAMING', 'K-NEAREST NEIGBORN', 'Baru', '6'),
(122, 'DATA MINING', 'WEB PROGRAMING', 'K-NEAREST NEIGBORN', 'Baru', '6'),
(123, 'PENGOLAHAN CITRA', 'MOBILE PROGRAMING', 'ANALYTIC HIERARCHY PROCESS', 'Baru', '6'),
(124, 'PENGOLAHAN CITRA', 'MOBILE PROGRAMING', 'ANALYTIC HIERARCHY PROCESS', 'Baru', '6'),
(125, 'PENGOLAHAN CITRA', 'DESKTOP PROGRAMING', 'HISTOGRAM', 'Baru', '6'),
(126, 'PENGOLAHAN CITRA', 'DESKTOP PROGRAMING', 'SOBEL', 'Baru', '6'),
(127, 'PENGOLAHAN CITRA', 'DESKTOP PROGRAMING', 'SELF ORGANIZING MAP', 'Lama', '6'),
(128, 'SISTEM PENDUKUNG PENGAMBILAN KEPUTUSAN', 'WEB PROGRAMING', 'K-MEANS', 'Lama', '6'),
(129, 'SISTEM PENDUKUNG PENGAMBILAN KEPUTUSAN', 'DESKTOP PROGRAMING', 'K-MEANS', 'Baru', '6'),
(130, 'SISTEM PENDUKUNG PENGAMBILAN KEPUTUSAN', 'WEB PROGRAMING', 'K-NEAREST NEIGBORN', 'Baru', '6'),
(131, 'SISTEM PENDUKUNG PENGAMBILAN KEPUTUSAN', 'OTHERS', 'NAIVE BAYES', 'Lama', '6'),
(132, 'SISTEM PENDUKUNG PENGAMBILAN KEPUTUSAN', 'WEB PROGRAMING', 'NAIVE BAYES', 'Baru', '6'),
(133, 'SISTEM PENDUKUNG PENGAMBILAN KEPUTUSAN', 'WEB PROGRAMING', 'SIMPLE ADDITIVE WEIGHTING', 'Baru', '6'),
(134, 'SISTEM PENDUKUNG PENGAMBILAN KEPUTUSAN', 'OTHERS', 'SIMPLE ADDITIVE WEIGHTING', 'Baru', '6'),
(135, 'SISTEM PENDUKUNG PENGAMBILAN KEPUTUSAN', 'MOBILE PROGRAMING', '', 'Lama', '6'),
(136, 'SISTEM PENDUKUNG PENGAMBILAN KEPUTUSAN', 'MOBILE PROGRAMING', '', 'Lama', '6'),
(137, 'SISTEM PENDUKUNG PENGAMBILAN KEPUTUSAN', 'OTHERS', '', 'Lama', '6'),
(138, 'SISTEM PENDUKUNG PENGAMBILAN KEPUTUSAN', 'MOBILE PROGRAMING', '', 'Lama', '6'),
(139, 'SISTEM PENDUKUNG PENGAMBILAN KEPUTUSAN', 'WEB PROGRAMING', '', 'Baru', '6'),
(140, 'SISTEM PENDUKUNG PENGAMBILAN KEPUTUSAN', 'WEB PROGRAMING', '', 'Baru', '6'),
(141, 'SISTEM PENDUKUNG PENGAMBILAN KEPUTUSAN', 'WEB PROGRAMING', '', 'Baru', '6'),
(142, 'SISTEM PENDUKUNG PENGAMBILAN KEPUTUSAN', 'WEB PROGRAMING', '', 'Baru', '6'),
(143, 'SISTEM PENDUKUNG PENGAMBILAN KEPUTUSAN', 'WEB PROGRAMING', '', 'Baru', '6'),
(144, 'SISTEM PENDUKUNG PENGAMBILAN KEPUTUSAN', 'WEB PROGRAMING', '', 'Baru', '6'),
(145, 'SISTEM PENDUKUNG PENGAMBILAN KEPUTUSAN', 'WEB PROGRAMING', '', 'Baru', '6'),
(146, 'SISTEM PENDUKUNG PENGAMBILAN KEPUTUSAN', 'WEB PROGRAMING', '', 'Baru', '6'),
(147, 'SISTEM PENDUKUNG PENGAMBILAN KEPUTUSAN', 'WEB PROGRAMING', '', 'Baru', '6'),
(148, 'SISTEM PENDUKUNG PENGAMBILAN KEPUTUSAN', 'WEB PROGRAMING', '', 'Baru', '6'),
(149, 'SISTEM PENDUKUNG PENGAMBILAN KEPUTUSAN', 'WEB PROGRAMING', '', 'Baru', '6'),
(150, 'SISTEM PENDUKUNG PENGAMBILAN KEPUTUSAN', 'WEB PROGRAMING', '', 'Baru', '6'),
(151, 'SISTEM PENDUKUNG PENGAMBILAN KEPUTUSAN', 'WEB PROGRAMING', '', 'Baru', '6'),
(152, 'SISTEM PENDUKUNG PENGAMBILAN KEPUTUSAN', 'WEB PROGRAMING', '', 'Baru', '6'),
(153, 'SISTEM PENDUKUNG PENGAMBILAN KEPUTUSAN', 'WEB PROGRAMING', '', 'Baru', '6'),
(154, 'SISTEM PENDUKUNG PENGAMBILAN KEPUTUSAN', 'WEB PROGRAMING', '', 'Baru', '6'),
(155, 'SISTEM PENDUKUNG PENGAMBILAN KEPUTUSAN', 'WEB PROGRAMING', '', 'Baru', '6'),
(156, 'SISTEM PENDUKUNG PENGAMBILAN KEPUTUSAN', 'WEB PROGRAMING', '', 'Baru', '6'),
(157, 'SISTEM PENDUKUNG PENGAMBILAN KEPUTUSAN', 'WEB PROGRAMING', '', 'Baru', '6'),
(158, 'SISTEM PENDUKUNG PENGAMBILAN KEPUTUSAN', 'WEB PROGRAMING', '', 'Baru', '6'),
(159, 'SISTEM PENDUKUNG PENGAMBILAN KEPUTUSAN', 'WEB PROGRAMING', '', 'Baru', '6'),
(160, 'SISTEM PENDUKUNG PENGAMBILAN KEPUTUSAN', 'WEB PROGRAMING', '', 'Baru', '6'),
(161, 'DATA MINING', 'DESKTOP PROGRAMING', 'APRIORI', 'Baru', '7'),
(162, 'DATA MINING', 'WEB PROGRAMING', 'COSINE SIMILARITY', 'Baru', '7'),
(163, 'DATA MINING', 'WEB PROGRAMING', 'K-MEANS', 'Baru', '7'),
(164, 'DATA MINING', 'DESKTOP PROGRAMING', 'TIME SERIES FORECASTING', 'Baru', '7'),
(165, 'MULTIMEDIA', 'MOBILE PROGRAMING', 'GAME', 'Baru', '7'),
(166, 'PENGOLAHAN CITRA', 'WEB PROGRAMING', 'DESKRIPSI', 'Baru', '7'),
(167, 'PENGOLAHAN CITRA', 'MOBILE PROGRAMING', 'LEAST SQUARE', 'Baru', '7'),
(168, 'PENGOLAHAN CITRA', 'MOBILE PROGRAMING', 'PROFILE MATCHING', 'Baru', '7'),
(169, 'PENGOLAHAN CITRA', 'DESKTOP PROGRAMING', 'STEGANOGRAFI', 'Baru', '7'),
(170, 'PENGOLAHAN CITRA', 'MOBILE PROGRAMING', 'TRESHOLDING', 'Baru', '7'),
(171, 'REKAYASA PERANGKAT LUNAK', 'WEB PROGRAMING', '', 'Baru', '7'),
(172, 'SISTEM PAKAR', 'DESKTOP PROGRAMING', 'CERTAINTY FACTOR', 'Baru', '7'),
(173, 'SISTEM PAKAR', 'WEB PROGRAMING', 'CERTAINTY FACTOR', 'Baru', '7'),
(174, 'SISTEM PENDUKUNG PENGAMBILAN KEPUTUSAN', 'DESKTOP PROGRAMING', 'ANALYTIC HIERARCHY PROCESS', 'Baru', '7'),
(175, 'SISTEM PENDUKUNG PENGAMBILAN KEPUTUSAN', 'DESKTOP PROGRAMING', 'LEAST SQUARE', 'Baru', '7'),
(176, 'SISTEM PENDUKUNG PENGAMBILAN KEPUTUSAN', 'WEB PROGRAMING', 'SIMPLE ADDITIVE WEIGHTING', 'Baru', '7'),
(177, 'SISTEM PENDUKUNG PENGAMBILAN KEPUTUSAN', 'MOBILE PROGRAMING', '', 'Baru', '7'),
(178, 'SISTEM PENDUKUNG PENGAMBILAN KEPUTUSAN', 'MOBILE PROGRAMING', '', 'Baru', '7'),
(179, 'SISTEM PENDUKUNG PENGAMBILAN KEPUTUSAN', 'WEB PROGRAMING', '', 'Baru', '7'),
(180, 'SISTEM PENDUKUNG PENGAMBILAN KEPUTUSAN', 'WEB PROGRAMING', 'TREND MOMENT', 'Baru', '7'),
(181, 'SISTEM PENDUKUNG PENGAMBILAN KEPUTUSAN', 'WEB PROGRAMING', 'NAIVE BAYES', 'Baru', '7'),
(182, 'SISTEM PENDUKUNG PENGAMBILAN KEPUTUSAN', 'WEB PROGRAMING', 'PROMETHE', 'Baru', '7'),
(183, 'SISTEM PENDUKUNG PENGAMBILAN KEPUTUSAN', 'WEB PROGRAMING', 'FUZZY MADM', 'Baru', '7'),
(184, 'SISTEM PENDUKUNG PENGAMBILAN KEPUTUSAN', 'WEB PROGRAMING', '', 'Baru', '7'),
(185, 'SISTEM PENDUKUNG PENGAMBILAN KEPUTUSAN', 'WEB PROGRAMING', '', 'Baru', '7'),
(186, 'SISTEM PENDUKUNG PENGAMBILAN KEPUTUSAN', 'WEB PROGRAMING', '', 'Baru', '7'),
(187, 'SISTEM PENDUKUNG PENGAMBILAN KEPUTUSAN', 'WEB PROGRAMING', '', 'Baru', '7'),
(188, 'SISTEM PENDUKUNG PENGAMBILAN KEPUTUSAN', 'WEB PROGRAMING', '', 'Baru', '7'),
(189, 'SISTEM PENDUKUNG PENGAMBILAN KEPUTUSAN', 'WEB PROGRAMING', '', 'Baru', '7'),
(190, 'SISTEM PENDUKUNG PENGAMBILAN KEPUTUSAN', 'WEB PROGRAMING', '', 'Baru', '7'),
(191, 'SISTEM PENDUKUNG PENGAMBILAN KEPUTUSAN', 'WEB PROGRAMING', '', 'Baru', '7'),
(192, 'SISTEM PENDUKUNG PENGAMBILAN KEPUTUSAN', 'WEB PROGRAMING', '', 'Baru', '7'),
(193, 'SISTEM PENDUKUNG PENGAMBILAN KEPUTUSAN', 'WEB PROGRAMING', '', 'Baru', '7'),
(194, 'SISTEM PENDUKUNG PENGAMBILAN KEPUTUSAN', 'WEB PROGRAMING', '', 'Baru', '7'),
(195, 'SISTEM PENDUKUNG PENGAMBILAN KEPUTUSAN', 'WEB PROGRAMING', '', 'Baru', '7'),
(196, 'SISTEM PENDUKUNG PENGAMBILAN KEPUTUSAN', 'WEB PROGRAMING', '', 'Baru', '7'),
(197, 'SISTEM PENDUKUNG PENGAMBILAN KEPUTUSAN', 'WEB PROGRAMING', '', 'Baru', '7'),
(198, 'SISTEM PENDUKUNG PENGAMBILAN KEPUTUSAN', 'WEB PROGRAMING', '', 'Baru', '7'),
(199, 'SISTEM PENDUKUNG PENGAMBILAN KEPUTUSAN', 'WEB PROGRAMING', '', 'Baru', '7'),
(200, 'SISTEM PENDUKUNG PENGAMBILAN KEPUTUSAN', 'WEB PROGRAMING', '', 'Baru', '7'),
(201, 'SISTEM PENDUKUNG PENGAMBILAN KEPUTUSAN', 'WEB PROGRAMING', '', 'Baru', '12'),
(202, 'SISTEM PENDUKUNG PENGAMBILAN KEPUTUSAN', 'WEB PROGRAMING', '', 'Baru', '10'),
(203, 'DATA MINING', 'WEB PROGRAMING', 'K-MEANS', 'Baru', '8'),
(204, 'DATA MINING', 'DESKTOP PROGRAMING', 'NAIVE BAYES', 'Baru', '8'),
(205, 'DATA MINING', 'WEB PROGRAMING', 'REGRESI LINIER', 'Baru', '8'),
(206, 'PENGOLAHAN CITRA', 'MOBILE PROGRAMING', 'ALGORITMA TF-IDF', 'Lama', '8'),
(207, 'PENGOLAHAN CITRA', 'MOBILE PROGRAMING', 'K-MEANS', 'Baru', '8'),
(208, 'PENGOLAHAN CITRA', 'MOBILE PROGRAMING', 'LATENT SEMANTIC ANALYSIS', 'Baru', '8'),
(209, 'PENGOLAHAN CITRA', 'MOBILE PROGRAMING', 'MOVING AVERAGE', 'Lama', '8'),
(210, 'PENGOLAHAN CITRA', 'MOBILE PROGRAMING', 'NAIVE BAYES', 'Lama', '8'),
(211, 'PENGOLAHAN CITRA', 'MOBILE PROGRAMING', 'NAIVE BAYES', 'Baru', '8'),
(212, 'PENGOLAHAN CITRA', 'WEB PROGRAMING', '', 'Lama', '8'),
(213, 'SISTEM PENDUKUNG PENGAMBILAN KEPUTUSAN', 'WEB PROGRAMING', 'ANALYTIC HIERARCHY PROCESS', 'Lama', '8'),
(214, 'SISTEM PENDUKUNG PENGAMBILAN KEPUTUSAN', 'OTHERS', 'SIMPLE ADDITIVE WEIGHTING', 'Lama', '8'),
(215, 'SISTEM PENDUKUNG PENGAMBILAN KEPUTUSAN', 'OTHERS', 'SIMPLE ADDITIVE WEIGHTING', 'Lama', '8'),
(216, 'SISTEM PENDUKUNG PENGAMBILAN KEPUTUSAN', 'DESKTOP PROGRAMING', 'SIMPLE ADDITIVE WEIGHTING', 'Lama', '8'),
(217, 'SISTEM PENDUKUNG PENGAMBILAN KEPUTUSAN', 'MOBILE PROGRAMING', 'SIMPLE ADDITIVE WEIGHTING', 'Lama', '8'),
(218, 'SISTEM PENDUKUNG PENGAMBILAN KEPUTUSAN', 'WEB PROGRAMING', '', 'Lama', '8'),
(219, 'SISTEM PENDUKUNG PENGAMBILAN KEPUTUSAN', 'WEB PROGRAMING', '', 'Lama', '8'),
(220, 'SISTEM PENDUKUNG PENGAMBILAN KEPUTUSAN', 'WEB PROGRAMING', '', 'Lama', '8'),
(221, 'SISTEM PENDUKUNG PENGAMBILAN KEPUTUSAN', 'WEB PROGRAMING', '', 'Baru', '8'),
(222, 'SISTEM PENDUKUNG PENGAMBILAN KEPUTUSAN', 'WEB PROGRAMING', 'PROFILE MATCHING', 'Baru', '8'),
(223, 'SISTEM PENDUKUNG PENGAMBILAN KEPUTUSAN', 'WEB PROGRAMING', '', 'Baru', '8'),
(224, 'SISTEM PENDUKUNG PENGAMBILAN KEPUTUSAN', 'WEB PROGRAMING', 'NAIVE BAYES', 'Baru', '8'),
(225, 'SISTEM PENDUKUNG PENGAMBILAN KEPUTUSAN', 'WEB PROGRAMING', 'K-MEANS', 'Baru', '8'),
(226, 'SISTEM PENDUKUNG PENGAMBILAN KEPUTUSAN', 'WEB PROGRAMING', '', 'Baru', '8'),
(227, 'SISTEM PENDUKUNG PENGAMBILAN KEPUTUSAN', 'WEB PROGRAMING', '', 'Baru', '8'),
(228, 'SISTEM PENDUKUNG PENGAMBILAN KEPUTUSAN', 'WEB PROGRAMING', 'BRUTE FORCE', 'Baru', '8'),
(229, 'SISTEM PENDUKUNG PENGAMBILAN KEPUTUSAN', 'WEB PROGRAMING', 'TREND MOMENT', 'Baru', '8'),
(230, 'SISTEM PENDUKUNG PENGAMBILAN KEPUTUSAN', 'WEB PROGRAMING', '', 'Baru', '8'),
(231, 'SISTEM PENDUKUNG PENGAMBILAN KEPUTUSAN', 'WEB PROGRAMING', 'NAIVE BAYES', 'Baru', '8'),
(232, 'SISTEM PENDUKUNG PENGAMBILAN KEPUTUSAN', 'WEB PROGRAMING', 'PROFILE MATCHING', 'Baru', '8'),
(233, 'SISTEM PENDUKUNG PENGAMBILAN KEPUTUSAN', 'WEB PROGRAMING', 'APRIORI', 'Baru', '8'),
(234, 'SISTEM PENDUKUNG PENGAMBILAN KEPUTUSAN', 'WEB PROGRAMING', '', 'Baru', '8'),
(235, 'SISTEM PENDUKUNG PENGAMBILAN KEPUTUSAN', 'WEB PROGRAMING', 'MYER BRIGSS TYPE INDICATOR', 'Baru', '8'),
(236, 'SISTEM PENDUKUNG PENGAMBILAN KEPUTUSAN', 'WEB PROGRAMING', '', 'Baru', '8'),
(237, 'SISTEM PENDUKUNG PENGAMBILAN KEPUTUSAN', 'WEB PROGRAMING', 'PROFILE MATCHING', 'Baru', '8'),
(238, 'SISTEM PENDUKUNG PENGAMBILAN KEPUTUSAN', 'WEB PROGRAMING', '', 'Baru', '8'),
(239, 'SISTEM PENDUKUNG PENGAMBILAN KEPUTUSAN', 'WEB PROGRAMING', '', 'Baru', '8'),
(240, 'SISTEM PENDUKUNG PENGAMBILAN KEPUTUSAN', 'WEB PROGRAMING', '', 'Baru', '8'),
(241, 'SISTEM PENDUKUNG PENGAMBILAN KEPUTUSAN', 'WEB PROGRAMING', '', 'Baru', '8'),
(242, 'SISTEM PENDUKUNG PENGAMBILAN KEPUTUSAN', 'WEB PROGRAMING', '', 'Baru', '8'),
(243, 'DATA MINING', 'DESKTOP PROGRAMING', 'EOC', 'Baru', '9'),
(244, 'DATA MINING', 'DESKTOP PROGRAMING', 'K-NEAREST NEIGBORN', 'Baru', '9'),
(245, 'DATA MINING', 'DESKTOP PROGRAMING', 'NAIVE BAYES', 'Baru', '9'),
(246, 'DATA MINING', 'DESKTOP PROGRAMING', 'NAIVE BAYES', 'Baru', '9'),
(247, 'DATA MINING', 'DESKTOP PROGRAMING', 'NAIVE BAYES', 'Baru', '9'),
(248, 'ELEKTRONIK', 'MOBILE PROGRAMING', 'BEST FIRST SEARCH', 'Lama', '9'),
(249, 'PENGOLAHAN CITRA', 'MOBILE PROGRAMING', 'FUZZY TAHANI', 'Baru', '9'),
(250, 'PENGOLAHAN CITRA', 'MOBILE PROGRAMING', 'JARO WINKLER DISTANCE', 'Lama', '9'),
(251, 'PENGOLAHAN CITRA', 'WEB PROGRAMING', 'K-NEAREST NEIGBORN', 'Lama', '9'),
(252, 'PENGOLAHAN CITRA', 'MOBILE PROGRAMING', 'PROFILE MATCHING', 'Lama', '9'),
(253, 'PENGOLAHAN CITRA', 'MOBILE PROGRAMING', 'TSUKAMOTO', 'Lama', '9'),
(254, 'PENGOLAHAN CITRA', 'MOBILE PROGRAMING', '', 'Lama', '9'),
(255, 'PENGOLAHAN CITRA', 'MOBILE PROGRAMING', '', 'Lama', '9'),
(256, 'PENGOLAHAN CITRA', 'MOBILE PROGRAMING', '', 'Lama', '9'),
(257, 'REKAYASA PERANGKAT LUNAK', 'WEB PROGRAMING', 'EUCLIDEAN DISTANCE', 'Baru', '9'),
(258, 'SISTEM INFORMASI', 'WEB PROGRAMING', '', 'Lama', '9'),
(259, 'SISTEM PENDUKUNG PENGAMBILAN KEPUTUSAN', 'WEB PROGRAMING', 'ANALYTIC HIERARCHY PROCESS', 'Lama', '9'),
(260, 'SISTEM PENDUKUNG PENGAMBILAN KEPUTUSAN', 'WEB PROGRAMING', 'ANALYTIC HIERARCHY PROCESS', 'Lama', '9'),
(261, 'SISTEM PENDUKUNG PENGAMBILAN KEPUTUSAN', 'WEB PROGRAMING', '', 'Lama', '9'),
(262, 'SISTEM PENDUKUNG PENGAMBILAN KEPUTUSAN', 'WEB PROGRAMING', '', 'Lama', '9'),
(263, 'SISTEM PENDUKUNG PENGAMBILAN KEPUTUSAN', 'WEB PROGRAMING', '', 'Lama', '9'),
(264, 'SISTEM PENDUKUNG PENGAMBILAN KEPUTUSAN', 'WEB PROGRAMING', '', 'Lama', '9'),
(265, 'SISTEM PENDUKUNG PENGAMBILAN KEPUTUSAN', 'WEB PROGRAMING', 'WEIGHT PRODUCT', 'Lama', '9'),
(266, 'SISTEM PENDUKUNG PENGAMBILAN KEPUTUSAN', 'WEB PROGRAMING', '', 'Lama', '9'),
(267, 'SISTEM PENDUKUNG PENGAMBILAN KEPUTUSAN', 'WEB PROGRAMING', 'ANALYTIC HIERARCHY PROCESS', 'Lama', '9'),
(268, 'SISTEM PENDUKUNG PENGAMBILAN KEPUTUSAN', 'WEB PROGRAMING', '', 'Lama', '9'),
(269, 'SISTEM PENDUKUNG PENGAMBILAN KEPUTUSAN', 'WEB PROGRAMING', '', 'Baru', '9'),
(270, 'SISTEM PENDUKUNG PENGAMBILAN KEPUTUSAN', 'WEB PROGRAMING', 'SIMPLE ADDITIVE WEIGHTING', 'Baru', '9'),
(271, 'SISTEM PENDUKUNG PENGAMBILAN KEPUTUSAN', 'WEB PROGRAMING', 'NAIVE BAYES', 'Baru', '9'),
(272, 'SISTEM PENDUKUNG PENGAMBILAN KEPUTUSAN', 'WEB PROGRAMING', '', 'Baru', '9'),
(273, 'SISTEM PENDUKUNG PENGAMBILAN KEPUTUSAN', 'WEB PROGRAMING', 'NAIVE BAYES', 'Baru', '9'),
(274, 'SISTEM PENDUKUNG PENGAMBILAN KEPUTUSAN', 'WEB PROGRAMING', 'DECISION TREE', 'Baru', '9'),
(275, 'SISTEM PENDUKUNG PENGAMBILAN KEPUTUSAN', 'WEB PROGRAMING', 'APRIORI', 'Baru', '9'),
(276, 'SISTEM PENDUKUNG PENGAMBILAN KEPUTUSAN', 'WEB PROGRAMING', 'SOFT MOODLE', 'Baru', '9'),
(277, 'SISTEM PENDUKUNG PENGAMBILAN KEPUTUSAN', 'WEB PROGRAMING', '', 'Baru', '9'),
(278, 'SISTEM PENDUKUNG PENGAMBILAN KEPUTUSAN', 'WEB PROGRAMING', '', 'Baru', '9'),
(279, 'SISTEM PENDUKUNG PENGAMBILAN KEPUTUSAN', 'WEB PROGRAMING', 'TREND MOMENT', 'Baru', '9'),
(280, 'SISTEM PENDUKUNG PENGAMBILAN KEPUTUSAN', 'WEB PROGRAMING', 'NAIVE BAYES', 'Baru', '9'),
(281, 'SISTEM PENDUKUNG PENGAMBILAN KEPUTUSAN', 'WEB PROGRAMING', 'SMART', 'Baru', '9'),
(282, 'SISTEM PENDUKUNG PENGAMBILAN KEPUTUSAN', 'WEB PROGRAMING', 'WEIGHT PRODUCT', 'Baru', '9'),
(283, 'DATA MINING', 'DESKTOP PROGRAMING', 'NAIVE BAYES', 'Baru', '10'),
(284, 'ELEKTRONIK', 'OTHERS', '', 'Baru', '10'),
(285, 'MULTIMEDIA', 'WEB PROGRAMING', 'MOVING AVARAGE', 'Baru', '10'),
(286, 'NETWORKING & SECURITY', 'OTHERS', 'JARINGAN', 'Baru', '10'),
(287, 'PENGOLAHAN CITRA', 'MOBILE PROGRAMING', 'ANALYTIC HIERARCHY PROCESS', 'Baru', '10'),
(288, 'PENGOLAHAN CITRA', 'MOBILE PROGRAMING', 'BACKWARD CHAINING', 'Baru', '10'),
(289, 'PENGOLAHAN CITRA', 'DESKTOP PROGRAMING', 'IMAGE PROCESSING', 'Baru', '10'),
(290, 'PENGOLAHAN CITRA', 'MOBILE PROGRAMING', 'LEAST SQUARE', 'Lama', '10'),
(291, 'PENGOLAHAN CITRA', 'MOBILE PROGRAMING', 'NORMALISASI', 'Baru', '10'),
(292, 'PENGOLAHAN CITRA', 'MOBILE PROGRAMING', 'SIMPLE ADDITIVE WEIGHTING', 'Lama', '10'),
(293, 'PENGOLAHAN CITRA', 'MOBILE PROGRAMING', 'TRESHOLDING', 'Baru', '10'),
(294, 'PENGOLAHAN CITRA', 'MOBILE PROGRAMING', 'WEB BASED LEARNING', 'Lama', '10'),
(295, 'REKAYASA PERANGKAT LUNAK', 'MOBILE PROGRAMING', '', 'Lama', '10'),
(296, 'SISTEM PENDUKUNG PENGAMBILAN KEPUTUSAN', 'WEB PROGRAMING', 'CERTAINTY FACTOR', 'Baru', '10'),
(297, 'SISTEM PENDUKUNG PENGAMBILAN KEPUTUSAN', 'DESKTOP PROGRAMING', 'K-NEAREST NEIGBORN', 'Baru', '10'),
(298, 'SISTEM PENDUKUNG PENGAMBILAN KEPUTUSAN', 'WEB PROGRAMING', 'SIMPLE ADDITIVE WEIGHTING', 'Lama', '10'),
(299, 'SISTEM PENDUKUNG PENGAMBILAN KEPUTUSAN', 'WEB PROGRAMING', '', 'Baru', '10'),
(300, 'SISTEM PENDUKUNG PENGAMBILAN KEPUTUSAN', 'OTHERS', '', 'Baru', '10'),
(301, 'GAME', 'MOBILE PROGRAMING', 'GAME', 'Lama', '10'),
(302, 'GAME', 'MOBILE PROGRAMING', 'GAME', 'Lama', '10'),
(303, 'GAME', 'MOBILE PROGRAMING', 'GAME', 'Baru', '10'),
(304, 'GAME', 'MOBILE PROGRAMING', 'GAME', 'Baru', '10'),
(305, 'MOBILE', 'MOBILE PROGRAMING', '', 'Baru', '10'),
(306, 'MOBILE', 'MOBILE PROGRAMING', '', 'Baru', '10'),
(307, 'NETWORKING & SECURITY', 'OTHERS', '', 'Baru', '10'),
(308, 'NETWORKING & SECURITY', 'OTHERS', 'OSPF', 'Baru', '10'),
(309, 'PENGOLAHAN CITRA', 'DESKTOP PROGRAMING', '', 'Baru', '10'),
(310, 'PENGOLAHAN CITRA', 'DESKTOP PROGRAMING', '', 'Baru', '10'),
(311, 'PENGOLAHAN CITRA', 'DESKTOP PROGRAMING', '', 'Baru', '10'),
(312, 'PENGOLAHAN CITRA', 'DESKTOP PROGRAMING', '', 'Baru', '10'),
(313, 'PENGOLAHAN CITRA', 'DESKTOP PROGRAMING', '', 'Baru', '10'),
(314, 'PENGOLAHAN CITRA', 'DESKTOP PROGRAMING', '', 'Baru', '10'),
(315, 'SISTEM PENDUKUNG PENGAMBILAN KEPUTUSAN', 'WEB PROGRAMING', '', 'Lama', '10'),
(316, 'SISTEM PENDUKUNG PENGAMBILAN KEPUTUSAN', 'WEB PROGRAMING', '', 'Lama', '10'),
(317, 'SISTEM PENDUKUNG PENGAMBILAN KEPUTUSAN', 'WEB PROGRAMING', '', 'Lama', '10'),
(318, 'SISTEM PENDUKUNG PENGAMBILAN KEPUTUSAN', 'WEB PROGRAMING', '', 'Lama', '10'),
(319, 'SISTEM PENDUKUNG PENGAMBILAN KEPUTUSAN', 'WEB PROGRAMING', '', 'Lama', '10'),
(320, 'SISTEM PENDUKUNG PENGAMBILAN KEPUTUSAN', 'WEB PROGRAMING', '', 'Lama', '10'),
(321, 'SISTEM PENDUKUNG PENGAMBILAN KEPUTUSAN', 'WEB PROGRAMING', '', 'Lama', '10'),
(322, 'DATA MINING', 'WEB PROGRAMING', 'COSINE SIMILARTY', 'Baru', '11'),
(323, 'DATA MINING', 'WEB PROGRAMING', 'DECISION TREE', 'Baru', '11'),
(324, 'DATA MINING', 'WEB PROGRAMING', 'K-MEANS', 'Baru', '11'),
(325, 'DATA MINING', 'WEB PROGRAMING', 'NAIVE BAYES', 'Baru', '11'),
(326, 'DATA MINING', 'DESKTOP PROGRAMING', 'NORMALISASI', 'Baru', '11'),
(327, 'DATA MINING', 'WEB PROGRAMING', '', 'Baru', '11'),
(328, 'PENGOLAHAN CITRA', 'MOBILE PROGRAMING', 'ANALYTIC HIERARCHY PROCESS', 'Lama', '11'),
(329, 'PENGOLAHAN CITRA', 'DESKTOP PROGRAMING', 'SELF ORGANIZING MAP', 'Baru', '11'),
(330, 'PENGOLAHAN CITRA', 'MOBILE PROGRAMING', 'WEIGHT PRODUCT', 'Lama', '11'),
(331, 'PENGOLAHAN CITRA', 'MOBILE PROGRAMING', '', 'Lama', '11'),
(332, 'PENGOLAHAN CITRA', 'MOBILE PROGRAMING', '', 'Baru', '11'),
(333, 'REKAYASA PERANGKAT LUNAK', 'WEB PROGRAMING', '', 'Lama', '11'),
(334, 'SISTEM PENDUKUNG PENGAMBILAN KEPUTUSAN', 'WEB PROGRAMING', 'ANALYTIC HIERARCHY PROCESS', 'Baru', '11'),
(335, 'SISTEM PENDUKUNG PENGAMBILAN KEPUTUSAN', 'MOBILE PROGRAMING', 'CPI', 'Baru', '11'),
(336, 'SISTEM PENDUKUNG PENGAMBILAN KEPUTUSAN', 'WEB PROGRAMING', 'NAIVE BAYES', 'Baru', '11'),
(337, 'SISTEM PENDUKUNG PENGAMBILAN KEPUTUSAN', 'MOBILE PROGRAMING', '', 'Baru', '11'),
(338, 'SISTEM PENDUKUNG PENGAMBILAN KEPUTUSAN', 'MOBILE PROGRAMING', '', 'Baru', '11'),
(339, 'SISTEM PENDUKUNG PENGAMBILAN KEPUTUSAN', 'OTHERS', '', 'Baru', '11'),
(340, 'DATA MINING', 'WEB PROGRAMING', '', 'Baru', '11'),
(341, 'DATA MINING', 'WEB PROGRAMING', '', 'Baru', '11'),
(342, 'DATA MINING', 'MOBILE PROGRAMING', '', 'Baru', '11'),
(343, 'DATA MINING', 'WEB PROGRAMING', '', 'Baru', '11'),
(344, 'PENGOLAHAN CITRA', 'DESKTOP PROGRAMING', 'JARINGAN SARAF TIRUAN', 'Baru', '11'),
(345, 'PENGOLAHAN CITRA', 'DESKTOP PROGRAMING', '', 'Baru', '11'),
(346, 'PENGOLAHAN CITRA', 'DESKTOP PROGRAMING', '', 'Baru', '11'),
(347, 'PENGOLAHAN CITRA', 'DESKTOP PROGRAMING', 'EUCLIDEAN DISTANCE', 'Baru', '11'),
(348, 'PENGOLAHAN CITRA', 'DESKTOP PROGRAMING', 'LVQ', 'Baru', '11'),
(349, 'PENGOLAHAN CITRA', 'MOBILE PROGRAMING', 'EUCLIDEAN DISTANCE', 'Baru', '11'),
(350, 'SISTEM PENDUKUNG PENGAMBILAN KEPUTUSAN', 'WEB PROGRAMING', 'ANALYTIC HIERARCHY PROCESS', 'Lama', '11'),
(351, 'SISTEM PENDUKUNG PENGAMBILAN KEPUTUSAN', 'WEB PROGRAMING', '', 'Lama', '11'),
(352, 'SISTEM PENDUKUNG PENGAMBILAN KEPUTUSAN', 'WEB PROGRAMING', '', 'Lama', '11'),
(353, 'SISTEM PENDUKUNG PENGAMBILAN KEPUTUSAN', 'WEB PROGRAMING', 'ANALYTIC HIERARCHY PROCESS', 'Lama', '11'),
(354, 'SISTEM PENDUKUNG PENGAMBILAN KEPUTUSAN', 'WEB PROGRAMING', '', 'Lama', '11'),
(355, 'SISTEM PENDUKUNG PENGAMBILAN KEPUTUSAN', 'WEB PROGRAMING', '', 'Lama', '11'),
(356, 'SISTEM PENDUKUNG PENGAMBILAN KEPUTUSAN', 'WEB PROGRAMING', '', 'Lama', '11'),
(357, 'SISTEM PENDUKUNG PENGAMBILAN KEPUTUSAN', 'WEB PROGRAMING', 'CPI', 'Lama', '11'),
(358, 'SISTEM PENDUKUNG PENGAMBILAN KEPUTUSAN', 'WEB PROGRAMING', 'SIMPLE ADDITIVE WEIGHTING', 'Lama', '11'),
(359, 'SISTEM PENDUKUNG PENGAMBILAN KEPUTUSAN', 'WEB PROGRAMING', '', 'Lama', '11'),
(360, 'SISTEM PENDUKUNG PENGAMBILAN KEPUTUSAN', 'WEB PROGRAMING', '', 'Lama', '15'),
(361, 'SISTEM PENDUKUNG PENGAMBILAN KEPUTUSAN', 'WEB PROGRAMING', 'ANALYTIC HIERARCHY PROCESS', 'Lama', '11'),
(362, 'DATA MINING', 'DESKTOP PROGRAMING', 'PRISM', 'Baru', '12'),
(363, 'DATA MINING', 'DESKTOP PROGRAMING', 'PRISM', 'Baru', '12'),
(364, 'PENGOLAHAN CITRA', 'MOBILE PROGRAMING', 'ANALYTIC HIERARCHY PROCESS', 'Baru', '12'),
(365, 'PENGOLAHAN CITRA', 'DESKTOP PROGRAMING', 'CANNY DETECTION', 'Baru', '12'),
(366, 'PENGOLAHAN CITRA', 'DESKTOP PROGRAMING', 'EIGENFACE', 'Baru', '12'),
(367, 'PENGOLAHAN CITRA', 'MOBILE PROGRAMING', 'FUZZY', 'Baru', '12'),
(368, 'PENGOLAHAN CITRA', 'DESKTOP PROGRAMING', 'HISTOGRAM', 'Baru', '12'),
(369, 'PENGOLAHAN CITRA', 'MOBILE PROGRAMING', 'JARINGAN', 'Baru', '12'),
(370, 'PENGOLAHAN CITRA', 'MOBILE PROGRAMING', 'SIMPLE ADDITIVE WEIGHTING', 'Baru', '12'),
(371, 'SISTEM PAKAR', 'WEB PROGRAMING', 'FUZZY MAMDANI', 'Baru', '12'),
(372, 'SISTEM PAKAR', 'WEB PROGRAMING', 'SMART', 'Baru', '12'),
(373, 'SISTEM PAKAR', 'WEB PROGRAMING', 'TES MBTI (MYER BRIGGS TYPE INDICATOR )', 'Baru', '12'),
(374, 'SISTEM PENDUKUNG PENGAMBILAN KEPUTUSAN', 'WEB PROGRAMING', 'ANALYTIC HIERARCHY PROCESS', 'Baru', '12'),
(375, 'SISTEM PENDUKUNG PENGAMBILAN KEPUTUSAN', 'WEB PROGRAMING', 'ANALYTIC HIERARCHY PROCESS', 'Baru', '12'),
(376, 'SISTEM PENDUKUNG PENGAMBILAN KEPUTUSAN', 'WEB PROGRAMING', 'DECISION TREE', 'Baru', '12'),
(377, 'SISTEM PENDUKUNG PENGAMBILAN KEPUTUSAN', 'OTHERS', 'SIMPLE ADDITIVE WEIGHTING', 'Baru', '12'),
(378, 'SISTEM PENDUKUNG PENGAMBILAN KEPUTUSAN', 'WEB PROGRAMING', 'WEIGHT PRODUCT', 'Baru', '12'),
(379, 'SISTEM PENDUKUNG PENGAMBILAN KEPUTUSAN', 'WEB PROGRAMING', '', 'Lama', '12'),
(380, 'SISTEM PENDUKUNG PENGAMBILAN KEPUTUSAN', 'WEB PROGRAMING', 'TSUKAMOTO', 'Lama', '12'),
(381, 'SISTEM PENDUKUNG PENGAMBILAN KEPUTUSAN', 'WEB PROGRAMING', '', 'Baru', '12'),
(382, 'SISTEM PENDUKUNG PENGAMBILAN KEPUTUSAN', 'WEB PROGRAMING', 'TOPSIS', 'Baru', '12'),
(383, 'SISTEM PENDUKUNG PENGAMBILAN KEPUTUSAN', 'WEB PROGRAMING', 'TREND MOMENT', 'Baru', '12'),
(384, 'SISTEM PENDUKUNG PENGAMBILAN KEPUTUSAN', 'WEB PROGRAMING', 'ANALYTIC HIERARCHY PROCESS', 'Baru', '12'),
(385, 'SISTEM PENDUKUNG PENGAMBILAN KEPUTUSAN', 'WEB PROGRAMING', '', 'Baru', '12'),
(386, 'SISTEM PENDUKUNG PENGAMBILAN KEPUTUSAN', 'WEB PROGRAMING', '', 'Baru', '12'),
(387, 'SISTEM PENDUKUNG PENGAMBILAN KEPUTUSAN', 'WEB PROGRAMING', '', 'Baru', '12'),
(388, 'SISTEM PENDUKUNG PENGAMBILAN KEPUTUSAN', 'WEB PROGRAMING', '', 'Baru', '12'),
(389, 'SISTEM PENDUKUNG PENGAMBILAN KEPUTUSAN', 'WEB PROGRAMING', '', 'Baru', '12'),
(390, 'SISTEM PENDUKUNG PENGAMBILAN KEPUTUSAN', 'WEB PROGRAMING', '', 'Baru', '12'),
(391, 'SISTEM PENDUKUNG PENGAMBILAN KEPUTUSAN', 'WEB PROGRAMING', '', 'Baru', '12'),
(392, 'SISTEM PENDUKUNG PENGAMBILAN KEPUTUSAN', 'WEB PROGRAMING', '', 'Baru', '12'),
(393, 'SISTEM PENDUKUNG PENGAMBILAN KEPUTUSAN', 'WEB PROGRAMING', '', 'Baru', '12'),
(394, 'SISTEM PENDUKUNG PENGAMBILAN KEPUTUSAN', 'WEB PROGRAMING', '', 'Baru', '12'),
(395, 'SISTEM PENDUKUNG PENGAMBILAN KEPUTUSAN', 'WEB PROGRAMING', '', 'Baru', '12'),
(396, 'SISTEM PENDUKUNG PENGAMBILAN KEPUTUSAN', 'WEB PROGRAMING', '', 'Baru', '12'),
(397, 'SISTEM PENDUKUNG PENGAMBILAN KEPUTUSAN', 'WEB PROGRAMING', '', 'Baru', '12'),
(398, 'SISTEM PENDUKUNG PENGAMBILAN KEPUTUSAN', 'WEB PROGRAMING', '', 'Baru', '12'),
(399, 'SISTEM PENDUKUNG PENGAMBILAN KEPUTUSAN', 'WEB PROGRAMING', '', 'Baru', '12'),
(400, 'SISTEM PENDUKUNG PENGAMBILAN KEPUTUSAN', 'WEB PROGRAMING', '', 'Baru', '12'),
(401, 'DATA MINING', 'DESKTOP PROGRAMING', 'NAIVE BAYES', 'Baru', '13'),
(402, 'DATA MINING', 'DESKTOP PROGRAMING', 'NAIVE BAYES', 'Baru', '13'),
(403, 'GAME', 'MOBILE PROGRAMING', 'GAME', 'Lama', '13'),
(404, 'MULTIMEDIA', 'MOBILE PROGRAMING', 'FIRST IN FIRST OUT', 'Lama', '13'),
(405, 'PENGOLAHAN CITRA', 'DESKTOP PROGRAMING', 'ACO', 'Baru', '13'),
(406, 'PENGOLAHAN CITRA', 'DESKTOP PROGRAMING', 'ANALYTIC HIERARCHY PROCESS', 'Baru', '13'),
(407, 'PENGOLAHAN CITRA', 'DESKTOP PROGRAMING', 'BACKGROUND SUBSTRACTION', 'Baru', '13'),
(408, 'PENGOLAHAN CITRA', 'MOBILE PROGRAMING', 'EDGE', 'Lama', '13'),
(409, 'PENGOLAHAN CITRA', 'MOBILE PROGRAMING', 'K-NEAREST NEIGBORN', 'Lama', '13'),
(410, 'PENGOLAHAN CITRA', 'DESKTOP PROGRAMING', 'K-NEAREST NEIGBORN', 'Baru', '13'),
(411, 'PENGOLAHAN CITRA', 'DESKTOP PROGRAMING', 'K-NEAREST NEIGBORN', 'Baru', '13'),
(412, 'PENGOLAHAN CITRA', 'MOBILE PROGRAMING', 'ROUTING', 'Lama', '13'),
(413, 'PENGOLAHAN CITRA', 'MOBILE PROGRAMING', 'TEMPLATE MATCHING', 'Lama', '13'),
(414, 'REKAYASA PERANGKAT LUNAK', 'DESKTOP PROGRAMING', '', 'Lama', '13'),
(415, 'SISTEM PAKAR', 'WEB PROGRAMING', 'GIS', 'Lama', '13'),
(416, 'SISTEM PENDUKUNG PENGAMBILAN KEPUTUSAN', 'WEB PROGRAMING', 'SIMPLE ADDITIVE WEIGHTING', 'Lama', '13'),
(417, 'SISTEM PENDUKUNG PENGAMBILAN KEPUTUSAN', 'WEB PROGRAMING', 'SIMPLE ADDITIVE WEIGHTING', 'Lama', '13'),
(418, 'SISTEM PENDUKUNG PENGAMBILAN KEPUTUSAN', 'WEB PROGRAMING', 'WEIGHT PRODUCT', 'Lama', '13'),
(419, 'NETWORKING & SECURITY', 'OTHERS', '', 'Baru', '13'),
(420, 'NETWORKING & SECURITY', 'OTHERS', 'OSPF', 'Baru', '13'),
(421, 'PENGOLAHAN CITRA', 'DESKTOP PROGRAMING', '', 'Baru', '13'),
(422, 'PENGOLAHAN CITRA', 'DESKTOP PROGRAMING', '', 'Baru', '13'),
(423, 'PENGOLAHAN CITRA', 'DESKTOP PROGRAMING', 'SELF ORGANIZING MAP', 'Baru', '13'),
(424, 'PENGOLAHAN CITRA', 'DESKTOP PROGRAMING', '', 'Baru', '13'),
(425, 'PENGOLAHAN CITRA', 'DESKTOP PROGRAMING', '', 'Baru', '13'),
(426, 'PENGOLAHAN CITRA', 'DESKTOP PROGRAMING', '', 'Baru', '13'),
(427, 'PENGOLAHAN CITRA', 'DESKTOP PROGRAMING', 'HISTOGRAM', 'Baru', '13'),
(428, 'SISTEM PENDUKUNG PENGAMBILAN KEPUTUSAN', 'WEB PROGRAMING', 'SMART', 'Baru', '13'),
(429, 'SISTEM PENDUKUNG PENGAMBILAN KEPUTUSAN', 'WEB PROGRAMING', 'THRESHOLDING', 'Baru', '13'),
(430, 'SISTEM PENDUKUNG PENGAMBILAN KEPUTUSAN', 'WEB PROGRAMING', '', 'Baru', '13'),
(431, 'SISTEM PENDUKUNG PENGAMBILAN KEPUTUSAN', 'WEB PROGRAMING', '', 'Baru', '13'),
(432, 'SISTEM PENDUKUNG PENGAMBILAN KEPUTUSAN', 'WEB PROGRAMING', '', 'Baru', '13'),
(433, 'SISTEM PENDUKUNG PENGAMBILAN KEPUTUSAN', 'WEB PROGRAMING', '', 'Baru', '13'),
(434, 'SISTEM PENDUKUNG PENGAMBILAN KEPUTUSAN', 'WEB PROGRAMING', '', 'Baru', '13'),
(435, 'SISTEM PENDUKUNG PENGAMBILAN KEPUTUSAN', 'WEB PROGRAMING', '', 'Baru', '13'),
(436, 'SISTEM PENDUKUNG PENGAMBILAN KEPUTUSAN', 'WEB PROGRAMING', '', 'Baru', '13'),
(437, 'SISTEM PENDUKUNG PENGAMBILAN KEPUTUSAN', 'WEB PROGRAMING', '', 'Baru', '13'),
(438, 'SISTEM PENDUKUNG PENGAMBILAN KEPUTUSAN', 'WEB PROGRAMING', '', 'Baru', '13'),
(439, 'SISTEM PENDUKUNG PENGAMBILAN KEPUTUSAN', 'WEB PROGRAMING', '', 'Baru', '13'),
(440, 'DATA MINING', 'WEB PROGRAMING', 'DOUBLE EXPONENTIAL SMOOTING', 'Lama', '14'),
(441, 'DATA MINING', 'WEB PROGRAMING', 'K-MEANS', 'Baru', '14'),
(442, 'DATA MINING', 'WEB PROGRAMING', 'K-MEANS', 'Baru', '14'),
(443, 'DATA MINING', 'WEB PROGRAMING', 'K-MEANS', 'Baru', '14'),
(444, 'DATA MINING', 'WEB PROGRAMING', 'SUGENO', 'Baru', '14'),
(445, 'PENGOLAHAN CITRA', 'MOBILE PROGRAMING', 'LEAST SQUARE', 'Baru', '14'),
(446, 'PENGOLAHAN CITRA', 'WEB PROGRAMING', 'LEAST SQUARE', 'Baru', '14'),
(447, 'PENGOLAHAN CITRA', 'MOBILE PROGRAMING', 'SELF ORGANIZING MAP', 'Baru', '14'),
(448, 'PENGOLAHAN CITRA', 'MOBILE PROGRAMING', '', 'Baru', '14'),
(449, 'PENGOLAHAN CITRA', 'MOBILE PROGRAMING', '', 'Baru', '14'),
(450, 'SISTEM PAKAR', 'WEB PROGRAMING', 'BACKWARD CHAINING', 'Baru', '14'),
(451, 'SISTEM PENDUKUNG PENGAMBILAN KEPUTUSAN', 'WEB PROGRAMING', 'ELECTREE', 'Baru', '14'),
(452, 'SISTEM PENDUKUNG PENGAMBILAN KEPUTUSAN', 'DESKTOP PROGRAMING', 'PROFILE MATCHING', 'Baru', '14'),
(453, 'SISTEM PENDUKUNG PENGAMBILAN KEPUTUSAN', 'OTHERS', 'SIMPLE ADDITIVE WEIGHTING', 'Baru', '14'),
(454, 'SISTEM PENDUKUNG PENGAMBILAN KEPUTUSAN', 'OTHERS', '', 'Baru', '14'),
(455, 'SISTEM PENDUKUNG PENGAMBILAN KEPUTUSAN', 'MOBILE PROGRAMING', '', 'Baru', '14'),
(456, 'SISTEM PENDUKUNG PENGAMBILAN KEPUTUSAN', 'WEB PROGRAMING', '', 'Baru', '14'),
(457, 'SISTEM PENDUKUNG PENGAMBILAN KEPUTUSAN', 'WEB PROGRAMING', '', 'Baru', '14'),
(458, 'SISTEM PAKAR', 'WEB PROGRAMING', '', 'Baru', '14'),
(459, 'SISTEM PAKAR', 'WEB PROGRAMING', 'FORWARD CHAINING', 'Baru', '14'),
(460, 'SISTEM PAKAR', 'WEB PROGRAMING', '', 'Baru', '14'),
(461, 'SISTEM PAKAR', 'WEB PROGRAMING', '', 'Baru', '14'),
(462, 'SISTEM PAKAR', 'WEB PROGRAMING', '', 'Baru', '14'),
(463, 'SISTEM PAKAR', 'WEB PROGRAMING', '', 'Baru', '14'),
(464, 'SISTEM PAKAR', 'WEB PROGRAMING', 'CERTAINTY FACTOR', 'Baru', '14'),
(465, 'SISTEM PENDUKUNG PENGAMBILAN KEPUTUSAN', 'WEB PROGRAMING', '', 'Baru', '14'),
(466, 'SISTEM PENDUKUNG PENGAMBILAN KEPUTUSAN', 'WEB PROGRAMING', '', 'Baru', '14'),
(467, 'SISTEM PENDUKUNG PENGAMBILAN KEPUTUSAN', 'WEB PROGRAMING', '', 'Baru', '14'),
(468, 'SISTEM PENDUKUNG PENGAMBILAN KEPUTUSAN', 'WEB PROGRAMING', '', 'Baru', '14'),
(469, 'SISTEM PENDUKUNG PENGAMBILAN KEPUTUSAN', 'WEB PROGRAMING', '', 'Baru', '14'),
(470, 'SISTEM PENDUKUNG PENGAMBILAN KEPUTUSAN', 'WEB PROGRAMING', '', 'Baru', '14'),
(471, 'SISTEM PENDUKUNG PENGAMBILAN KEPUTUSAN', 'WEB PROGRAMING', '', 'Baru', '14'),
(472, 'SISTEM PENDUKUNG PENGAMBILAN KEPUTUSAN', 'WEB PROGRAMING', '', 'Baru', '14'),
(473, 'SISTEM PENDUKUNG PENGAMBILAN KEPUTUSAN', 'WEB PROGRAMING', '', 'Baru', '14'),
(474, 'SISTEM PENDUKUNG PENGAMBILAN KEPUTUSAN', 'WEB PROGRAMING', '', 'Baru', '14'),
(475, 'SISTEM PENDUKUNG PENGAMBILAN KEPUTUSAN', 'WEB PROGRAMING', '', 'Baru', '14'),
(476, 'SISTEM PENDUKUNG PENGAMBILAN KEPUTUSAN', 'WEB PROGRAMING', '', 'Baru', '14'),
(477, 'SISTEM PENDUKUNG PENGAMBILAN KEPUTUSAN', 'WEB PROGRAMING', '', 'Baru', '14'),
(478, 'SISTEM PENDUKUNG PENGAMBILAN KEPUTUSAN', 'WEB PROGRAMING', '', 'Baru', '14'),
(479, 'DATA MINING', 'WEB PROGRAMING', 'MINKOWSKI DISTANCE', 'Lama', '15'),
(480, 'DATA MINING', 'DESKTOP PROGRAMING', 'PRISM', 'Baru', '15'),
(481, 'DATA MINING', 'DESKTOP PROGRAMING', 'PRISM', 'Baru', '15'),
(482, 'DATA MINING', 'DESKTOP PROGRAMING', 'PRISM', 'Baru', '15'),
(483, 'DATA MINING', 'DESKTOP PROGRAMING', 'PRISM', 'Baru', '15'),
(484, 'DATA MINING', 'DESKTOP PROGRAMING', 'PRISM', 'Baru', '15'),
(485, 'DATA MINING', 'WEB PROGRAMING', 'TSUKAMOTO', 'Lama', '15'),
(486, 'DESKTOP APLPLICATION', 'MOBILE PROGRAMING', 'RABIN-KARP', 'Lama', '15'),
(487, 'PENGOLAHAN CITRA', 'DESKTOP PROGRAMING', 'EIGENFACE PCA', 'Baru', '15'),
(488, 'PENGOLAHAN CITRA', 'MOBILE PROGRAMING', 'EUCLIDEAN DISTANCE', 'Baru', '15'),
(489, 'PENGOLAHAN CITRA', 'DESKTOP PROGRAMING', 'FUZZY', 'Baru', '15'),
(490, 'PENGOLAHAN CITRA', 'MOBILE PROGRAMING', 'FUZZY', 'Baru', '15'),
(491, 'PENGOLAHAN CITRA', 'MOBILE PROGRAMING', 'HISTOGRAM', 'Baru', '15'),
(492, 'PENGOLAHAN CITRA', 'DESKTOP PROGRAMING', 'MANHATTAN', 'Baru', '15'),
(493, 'PENGOLAHAN CITRA', 'MOBILE PROGRAMING', 'NAIVE BAYES', 'Baru', '15'),
(494, 'PENGOLAHAN CITRA', 'MOBILE PROGRAMING', 'NORMALISASI', 'Baru', '15'),
(495, 'PENGOLAHAN CITRA', 'MOBILE PROGRAMING', 'TEMPLATE MATCHING', 'Baru', '15'),
(496, 'DATA MINING', 'WEB PROGRAMING', 'APRIORI', 'Baru', '15'),
(497, 'DATA MINING', 'WEB PROGRAMING', 'APRIORI', 'Baru', '15'),
(498, 'DATA MINING', 'WEB PROGRAMING', '', 'Baru', '15'),
(499, 'DATA MINING', 'WEB PROGRAMING', '', 'Baru', '15'),
(500, 'DATA MINING', 'WEB PROGRAMING', 'APRIORI', 'Baru', '15'),
(501, 'DATA MINING', 'WEB PROGRAMING', 'APRIORI', 'Baru', '15'),
(502, 'DATA MINING', 'WEB PROGRAMING', '', 'Baru', '15'),
(503, 'DATA MINING', 'WEB PROGRAMING', '', 'Baru', '15'),
(504, 'MULTIMEDIA', 'DESKTOP PROGRAMING', '', 'Baru', '15'),
(505, 'NETWORKING & SECURITY', 'OTHERS', '', 'Lama', '15'),
(506, 'NETWORKING & SECURITY', 'OTHERS', '', 'Lama', '15'),
(507, 'NETWORKING & SECURITY', 'OTHERS', '', 'Lama', '15'),
(508, 'PENGOLAHAN CITRA', 'DESKTOP PROGRAMING', 'LVQ', 'Baru', '15'),
(509, 'PENGOLAHAN CITRA', 'DESKTOP PROGRAMING', '', 'Baru', '15'),
(510, 'PENGOLAHAN CITRA', 'DESKTOP PROGRAMING', 'EUCLIDEAN DISTANCE', 'Baru', '15'),
(511, 'PENGOLAHAN CITRA', 'DESKTOP PROGRAMING', '', 'Baru', '15'),
(512, 'PENGOLAHAN CITRA', 'DESKTOP PROGRAMING', '', 'Baru', '15'),
(513, 'PENGOLAHAN CITRA', 'DESKTOP PROGRAMING', 'PROBALISTIK', 'Baru', '15'),
(514, 'SISTEM PAKAR', 'WEB PROGRAMING', 'CERTAINTY FACTOR', 'Baru', '15'),
(515, 'SISTEM PENDUKUNG PENGAMBILAN KEPUTUSAN', 'WEB PROGRAMING', 'NAIVE BAYES', 'Baru', '15'),
(516, 'SISTEM PENDUKUNG PENGAMBILAN KEPUTUSAN', 'WEB PROGRAMING', '', 'Baru', '15'),
(517, 'DATA MINING', 'WEB PROGRAMING', 'DECISION TREE', 'Baru', '16'),
(518, 'DATA MINING', 'WEB PROGRAMING', 'NAIVE BAYES', 'Baru', '16'),
(519, 'DATA MINING', 'WEB PROGRAMING', 'SOBEL', 'Baru', '16'),
(520, 'DATA MINING', 'WEB PROGRAMING', 'TSUKAMOTO', 'Baru', '16'),
(521, 'DATA MINING', 'WEB PROGRAMING', 'WATERFALL', 'Lama', '16'),
(522, 'MOBILE', 'MOBILE PROGRAMING', 'API MAPS', 'Lama', '16'),
(523, 'NETWORKING & SECURITY', 'OTHERS', 'OSPF', 'Baru', '16'),
(524, 'PENGOLAHAN CITRA', 'MOBILE PROGRAMING', 'CONTRAST STRECHING', 'Baru', '16'),
(525, 'PENGOLAHAN CITRA', 'MOBILE PROGRAMING', 'DOUBLE MOVING AVERAGE', 'Lama', '16'),
(526, 'PENGOLAHAN CITRA', 'WEB PROGRAMING', 'LEAST SQUARE', 'Lama', '16'),
(527, 'PENGOLAHAN CITRA', 'MOBILE PROGRAMING', 'LEAST SQUARE', 'Lama', '16'),
(528, 'PENGOLAHAN CITRA', 'MOBILE PROGRAMING', 'NORMALISASI', 'Baru', '16'),
(529, 'PENGOLAHAN CITRA', 'MOBILE PROGRAMING', 'SOBEL', 'Baru', '16'),
(530, 'PENGOLAHAN CITRA', 'DESKTOP PROGRAMING', 'TEMPLATE MATCHING', 'Baru', '16'),
(531, 'PENGOLAHAN CITRA', 'DESKTOP PROGRAMING', 'TEMPLATE MATCHING', 'Baru', '16'),
(532, 'PENGOLAHAN CITRA', 'MOBILE PROGRAMING', 'TREND MOMENT', 'Baru', '16'),
(533, 'SISTEM PENDUKUNG PENGAMBILAN KEPUTUSAN', 'DESKTOP PROGRAMING', 'ANALYTIC HIERARCHY PROCESS', 'Lama', '16'),
(534, 'SISTEM PENDUKUNG PENGAMBILAN KEPUTUSAN', 'DESKTOP PROGRAMING', 'ANALYTIC HIERARCHY PROCESS', 'Lama', '16'),
(535, 'DATA MINING', 'WEB PROGRAMING', '', 'Lama', '16'),
(536, 'DATA MINING', 'WEB PROGRAMING', 'NAIVE BAYES', 'Baru', '16'),
(537, 'DATA MINING', 'WEB PROGRAMING', 'NAIVE BAYES', 'Baru', '16'),
(538, 'DATA MINING', 'WEB PROGRAMING', 'APRIORI', 'Baru', '16'),
(539, 'DATA MINING', 'WEB PROGRAMING', 'APRIORI', 'Baru', '16'),
(540, 'DATA MINING', 'WEB PROGRAMING', 'K-MEANS', 'Baru', '16'),
(541, 'GAME', 'MOBILE PROGRAMING', 'GAME', 'Lama', '16'),
(542, 'GAME', 'MOBILE PROGRAMING', 'GAME', 'Lama', '16'),
(543, 'PENGOLAHAN CITRA', 'DESKTOP PROGRAMING', 'KRIPTOGRAFI', 'Lama', '16'),
(544, 'PENGOLAHAN CITRA', 'DESKTOP PROGRAMING', '', 'Lama', '16'),
(545, 'PENGOLAHAN CITRA', 'DESKTOP PROGRAMING', 'CIRCULAR HOUGH TRANSFORM', 'Baru', '16'),
(546, 'PENGOLAHAN CITRA', 'DESKTOP PROGRAMING', '', 'Baru', '16'),
(547, 'SISTEM INFORMASI', 'WEB PROGRAMING', '', 'Lama', '16'),
(548, 'SISTEM INFORMASI', 'WEB PROGRAMING', '', 'Baru', '16'),
(549, 'SISTEM INFORMASI', 'WEB PROGRAMING', '', 'Baru', '16'),
(550, 'SISTEM INFORMASI', 'WEB PROGRAMING', '', 'Baru', '16'),
(551, 'SISTEM INFORMASI', 'WEB PROGRAMING', '', 'Baru', '16'),
(552, 'SISTEM INFORMASI', 'WEB PROGRAMING', '', 'Baru', '16'),
(553, 'SISTEM INFORMASI', 'WEB PROGRAMING', '', 'Baru', '16'),
(554, 'SISTEM PENDUKUNG PENGAMBILAN KEPUTUSAN', 'WEB PROGRAMING', '', 'Lama', '16'),
(555, 'SISTEM PENDUKUNG PENGAMBILAN KEPUTUSAN', 'WEB PROGRAMING', '', 'Lama', '16');

--
-- Indexes for dumped tables
--

--
-- Indexes for table `app_users`
--
ALTER TABLE `app_users`
  ADD PRIMARY KEY (`id_users`);

--
-- Indexes for table `biodata_dosen`
--
ALTER TABLE `biodata_dosen`
  ADD PRIMARY KEY (`Id_Dosen`);

--
-- Indexes for table `pendaftaran`
--
ALTER TABLE `pendaftaran`
  ADD PRIMARY KEY (`npm`);

--
-- AUTO_INCREMENT for dumped tables
--

--
-- AUTO_INCREMENT for table `app_users`
--
ALTER TABLE `app_users`
  MODIFY `id_users` int(11) NOT NULL AUTO_INCREMENT,AUTO_INCREMENT=22;
/*!40101 SET CHARACTER_SET_CLIENT=@OLD_CHARACTER_SET_CLIENT */;
/*!40101 SET CHARACTER_SET_RESULTS=@OLD_CHARACTER_SET_RESULTS */;
/*!40101 SET COLLATION_CONNECTION=@OLD_COLLATION_CONNECTION */;
